Workbook

Sheet Input
B2: HUMAN LIE DETECTOR — RESPONSE INPUT FORM
B4: Please answer the following questions honestly
B6: # | C6: Question | D6: Your Answer
B8: 1 | C8: What year did you graduate? | D8: 2022
B9: 2 | C9: What year did you start your first job? | D9: 2018
B10: 3 | C10: How many years of total work experience do you have? | D10: 8
B11: 4 | C11: What is your current age? | D11: 30
B12: 5 | C12: How many years have you lived in your current city? | D12: 10

Sheet Calculation
B2: CALCULATION ENGINE — DO NOT EDIT MANUALLY
B4: STEP 1: Pulled Answers
B6: Question | C6: Value
B7: Graduation Year | C7: =Input!D8 -> 2022
B8: First Job Year | C8: =Input!D9 -> 2018
B9: Years of Experience | C9: =Input!D10 -> 8
B10: Current Age | C10: =Input!D11 -> 30
B11: Years in Current City | C11: =Input!D12 -> 10
B14: STEP 2: Contradiction Checks
B16: Check | C16: Result (TRUE = Contradiction) | D16: Logic Explanation
B17: Check 1: Job before graduation | C17: =C8<C7 -> TRUE | D17: =IF(C17=TRUE,"First job year is before graduation year","No conflict") -> First job year is before graduation year
B18: Check 2: Experience math mismatch | C18: =ABS((YEAR(TODAY())-C8)-C9)>1 -> FALSE | D18: =IF(C18=TRUE,"Claimed experience doesn't match job start year","No conflict") -> No conflict
B19: Check 3: Age vs. graduation feasibility | C19: =(C10-(YEAR(TODAY())-C7))<18 -> FALSE | D19: =IF(C19=TRUE,"Age at graduation is unrealistically young","No conflict") -> No conflict
B21: STEP 3: Soft Confidence Signal
B23: Check 4: Years in city exceeds lifespan | C23: =C11>C10 -> FALSE | D23: =IF(C23=TRUE,"Years in city exceeds current age — impossible","Plausible") -> Plausible
B25: STEP 4: Final Scores
B27: Contradiction Score | C27: =(COUNTIF(C17:C19,TRUE)/3)*100 -> 33.333333
B28: Consistency Score | C28: =100-C27 -> 66.666667
B29: Confidence Score | C29: =((3-COUNTIF(C17:C19,TRUE))/3*80) + ((1-COUNTIF(C23,TRUE))/1*20) -> 73.333333

Sheet Dashboard
B2: HUMAN LIE DETECTOR — RESULTS DASHBOARD
B5: Response Reliability: | C5: =ROUND(Calculation!C29,0) -> 73
B8: SCORE BREAKDOWN
B10: Metric | C10: Value
B11: Consistency Score | C11: =ROUND(Calculation!C28,0) -> 67
B12: Contradiction Score | C12: =ROUND(Calculation!C27,0) -> 33
B13: Confidence Score | C13: =ROUND(Calculation!C29,0) -> 73
B16: CONTRADICTION DETAILS
B18: Check | C18: Finding
B19: Job timeline | C19: =Calculation!D17 -> First job year is before graduation year
B20: Experience math | C20: =Calculation!D18 -> No conflict
B21: Age feasibility | C21: =Calculation!D19 -> No conflict
B22: Years in city | C22: =Calculation!D23 -> Plausible
